p-value,New effect
0.9199999999999999,0.6375510024077568
0.96,-4.786504709949637
0.8400000000000001,-4.509566609871364
