p-value,New effect
0.9,0.43005516053871473
0.82,-4.795053689954515
0.94,-4.533033668536127
