p-value,New effect
0.9199999999999999,0.0005961350688096267
0.94,0.5543277566573589
0.98,0.5544347748028883
