p-value,New effect
0.82,-0.0013026066885742193
0.92,0.715414383672023
0.8200000000000001,0.7157615373546399
