p-value,New effect
0.86,-0.05880892039706083
0.98,-4.792331650970644
0.94,-4.98041781784456
