p-value,New effect
0.76,-0.0014134351055359261
0.8400000000000001,0.5676066527849682
0.88,0.5675301266267165
