p-value,New effect
0.82,-0.19169155384907413
0.98,-4.7864385364351065
0.8999999999999999,-4.592143916483344
