p-value,New effect
0.98,0.9236869762507354
0.96,-4.786542967766345
0.98,-4.6523060177040705
